{
    "name": "核心元数据",
    "children": [
        {
            "name": "网关数据",
            "children": [
                {
                    "name": "主体数据",
                    "children": [
                        {
                            "name": "使用企业",
                            "children": [
                                {
                                    "name": "企业编码 "
                                },
                                {
                                    "name": "企业名称"
                                },
                                {
                                    "name": "企业简介"
                                }
                            ]
                        }
                    ]
                },
                {
                    "name": "对象数据",
                    "children": [
                        {
                            "name": "网关属性",
                            "children": [
                                { "name": "标识"
                                },
                                { "name": "名称"
                                },
                                { "name": "状态值"
                                },
                                { "name": "内存使用情况"
                                },
                                { "name": "cpu核心数"
                                },
                                { "name": "操作系统版本"
                                },
                                { "name": "IP地址"
                                },
                                { "name": "硬盘使用情况"
                                },
                                { "name": "当前优先级"
                                }
                            ]
                        }
                    ]
                },
                {
                    "name": "位置数据",
                    "children": [
                        {
                            "name": "地理位置",
                            "children": [
                                { "name": "省份"
                                },
                                { "name": "经纬度"
                                }
                            ]
                        }
                    ]
                }
            ]
        },
        {
            "name": "产品数据",
            "children": [
                {
                    "name": "主体数据",
                    "children": [
                        {
                            "name": "生产企业",
                            "children": [
                                { "name": "企业编码"
                                },
                                { "name": "企业名称"
                                },
                                { "name": "企业简介"
                                }
                            ]
                        },
                        {
                            "name": "所属网关",
                            "children": [
                                { "name": "网关标识"
                                }
                            ]
                        }
                    ]
                },
                {
                    "name": "对象数据",
                    "children": [
                        {
                            "name": "基本数据",
                            "children": [
                                { "name": "设备名称"
                                },
                                { "name": "设备标识信息"
                                },
                                { "name": "设备类别"
                                },
                                { "name": "设备状态"
                                },
                                { "name": "设备通讯信息"
                                },
                                { "name": "设备简介"
                                },
                                { "name": "设备保修信息"
                                },
                                { "name": "设备运行信息"
                                }
                            ]
                        },
                        {
                            "name": "原料数据",
                            "children": [
                                { "name": "原料名称"
                                },
                                { "name": "规格型号"
                                },
                                { "name": "原料参数"
                                },
                                { "name": "生产信息"
                                }
                            ]
                        },
                        {
                            "name": "仓储数据",
                            "children": [
                                { "name": "库位编码"
                                },
                                { "name": "入库时间"
                                },
                                { "name": "仓库环境信息"
                                }
                            ]
                        },
                        {
                            "name": "检测数据",
                            "children": [
                                { "name": "检测企业信息"
                                },
                                { "name": "检测时间"
                                },
                                { "name": "检测批次"
                                }
                            ]
                        }
                    ]
                }
            ]
        },
        {
            "name": "人员数据",
            "children": [
                {
                    "name": "所属企业名称"
                },
                {
                    "name": "权限"
                }
            ]
        },
        {
            "name": "企业数据",
            "children": [
                {
                    "name": "对象数据",
                    "children": [
                        {
                        "name": "基本数据",
                        "children": [
                                { "name": "企业编码"
                                },
                                { "name": "企业名称"
                                },
                                { "name": "企业简介"
                                }
                            ]
                        }
                    ]
                }
            ]
        },
        {
            "name": "其他数据",
            "children": []
        }
    ]
}